id,sku,title,description,category,price,tags
550e8400-e29b-41d4-a716-446655440000,ELE001,"Wireless Bluetooth Headphones","Premium over-ear headphones with noise cancellation",electronics,199.99,"wireless,bluetooth,headphones,noise-cancelling"
550e8400-e29b-41d4-a716-446655440001,ELE002,"4K Smart TV 55 Inch","Ultra HD Smart TV with streaming apps built-in",electronics,699.99,"tv,smart,4k,streaming,entertainment"
550e8400-e29b-41d4-a716-446655440002,ELE003,"Gaming Mechanical Keyboard","RGB backlit mechanical keyboard for gaming",electronics,129.99,"gaming,keyboard,mechanical,rgb,backlit"
550e8400-e29b-41d4-a716-446655440003,ELE004,"Wireless Mouse","Ergonomic wireless mouse with precision tracking",electronics,49.99,"mouse,wireless,ergonomic,precision"
550e8400-e29b-41d4-a716-446655440004,ELE005,"Smartphone 128GB","Latest flagship smartphone with advanced camera",electronics,899.99,"smartphone,camera,flagship,mobile,android"
550e8400-e29b-41d4-a716-446655440005,ELE006,"Tablet 10 Inch","Lightweight tablet perfect for work and entertainment",electronics,299.99,"tablet,portable,work,entertainment,touchscreen"
550e8400-e29b-41d4-a716-446655440006,ELE007,"Laptop Stand","Adjustable aluminum laptop stand for ergonomic work",electronics,39.99,"laptop,stand,ergonomic,aluminum,adjustable"
550e8400-e29b-41d4-a716-446655440007,ELE008,"USB-C Hub","Multi-port USB-C hub with HDMI and card readers",electronics,69.99,"usb-c,hub,hdmi,connectivity,ports"
550e8400-e29b-41d4-a716-446655440008,ELE009,"Power Bank 20000mAh","High capacity portable power bank with fast charging",electronics,59.99,"power-bank,portable,fast-charging,battery"
550e8400-e29b-41d4-a716-446655440009,ELE010,"Action Camera","4K action camera with waterproof case",electronics,179.99,"camera,action,4k,waterproof,sports"
550e8400-e29b-41d4-a716-446655440010,APP001,"Cotton T-Shirt","Premium 100% cotton t-shirt in various colors",apparel,24.99,"t-shirt,cotton,casual,comfortable,basic"
550e8400-e29b-41d4-a716-446655440011,APP002,"Denim Jeans","Classic fit denim jeans with stretch fabric",apparel,79.99,"jeans,denim,classic,stretch,pants"
550e8400-e29b-41d4-a716-446655440012,APP003,"Winter Jacket","Insulated winter jacket with hood",apparel,149.99,"jacket,winter,insulated,hood,outerwear"
550e8400-e29b-41d4-a716-446655440013,APP004,"Running Shoes","Lightweight running shoes with cushioned sole",apparel,119.99,"shoes,running,lightweight,cushioned,athletic"
550e8400-e29b-41d4-a716-446655440014,APP005,"Business Suit","Professional two-piece business suit",apparel,299.99,"suit,business,professional,formal,two-piece"
550e8400-e29b-41d4-a716-446655440015,APP006,"Casual Dress","Elegant casual dress for everyday wear",apparel,89.99,"dress,casual,elegant,everyday,women"
550e8400-e29b-41d4-a716-446655440016,APP007,"Baseball Cap","Adjustable baseball cap with embroidered logo",apparel,19.99,"cap,baseball,adjustable,embroidered,hat"
550e8400-e29b-41d4-a716-446655440017,APP008,"Leather Belt","Genuine leather belt with metal buckle",apparel,49.99,"belt,leather,genuine,metal,buckle"
550e8400-e29b-41d4-a716-446655440018,APP009,"Wool Sweater","Soft wool sweater perfect for cold weather",apparel,89.99,"sweater,wool,soft,cold-weather,warm"
550e8400-e29b-41d4-a716-446655440019,APP010,"Athletic Shorts","Moisture-wicking athletic shorts for workouts",apparel,34.99,"shorts,athletic,moisture-wicking,workout,sports"
550e8400-e29b-41d4-a716-446655440020,HOM001,"Coffee Maker","Programmable drip coffee maker with thermal carafe",home,89.99,"coffee,maker,programmable,thermal,kitchen"
550e8400-e29b-41d4-a716-446655440021,HOM002,"Air Purifier","HEPA air purifier for clean indoor air",home,159.99,"air-purifier,hepa,clean,indoor,health"
550e8400-e29b-41d4-a716-446655440022,HOM003,"Vacuum Cleaner","Cordless stick vacuum with multiple attachments",home,199.99,"vacuum,cordless,stick,attachments,cleaning"
550e8400-e29b-41d4-a716-446655440023,HOM004,"Kitchen Knife Set","Professional 8-piece kitchen knife set with block",home,129.99,"knives,kitchen,professional,set,cooking"
550e8400-e29b-41d4-a716-446655440024,HOM005,"Bed Sheets Set","Egyptian cotton bed sheets set queen size",home,79.99,"sheets,bed,cotton,egyptian,queen"
550e8400-e29b-41d4-a716-446655440025,HOM006,"Table Lamp","Modern LED table lamp with dimmer control",home,59.99,"lamp,table,led,modern,dimmer"
550e8400-e29b-41d4-a716-446655440026,HOM007,"Storage Ottoman","Multi-functional storage ottoman with cushion",home,69.99,"ottoman,storage,multi-functional,cushion,furniture"
550e8400-e29b-41d4-a716-446655440027,HOM008,"Picture Frame Set","Wooden picture frame set of 5 different sizes",home,39.99,"frames,picture,wooden,set,decoration"
550e8400-e29b-41d4-a716-446655440028,HOM009,"Candle Set","Scented candles set with relaxing fragrances",home,29.99,"candles,scented,relaxing,fragrances,aromatherapy"
550e8400-e29b-41d4-a716-446655440029,HOM010,"Wall Mirror","Large decorative wall mirror with frame",home,99.99,"mirror,wall,decorative,large,frame"
550e8400-e29b-41d4-a716-446655440030,BOO001,"Programming Guide","Complete guide to modern programming languages",books,49.99,"programming,guide,languages,technical,education"
550e8400-e29b-41d4-a716-446655440031,BOO002,"Mystery Novel","Best-selling mystery novel with unexpected twists",books,14.99,"novel,mystery,bestselling,fiction,thriller"
550e8400-e29b-41d4-a716-446655440032,BOO003,"Cooking Cookbook","International cuisine cookbook with 200 recipes",books,34.99,"cookbook,cooking,international,recipes,cuisine"
550e8400-e29b-41d4-a716-446655440033,BOO004,"Self-Help Book","Guide to personal development and success",books,19.99,"self-help,development,success,motivation,guide"
550e8400-e29b-41d4-a716-446655440034,BOO005,"Science Fiction","Epic space adventure science fiction novel",books,16.99,"science-fiction,space,adventure,novel,sci-fi"
550e8400-e29b-41d4-a716-446655440035,BOO006,"Art History Book","Comprehensive guide to world art history",books,59.99,"art,history,comprehensive,culture,reference"
550e8400-e29b-41d4-a716-446655440036,BOO007,"Children's Book","Illustrated children's book for ages 3-8",books,12.99,"children,illustrated,ages,education,story"
550e8400-e29b-41d4-a716-446655440037,BOO008,"Biography","Inspiring biography of a historical figure",books,24.99,"biography,historical,inspiring,non-fiction,life"
550e8400-e29b-41d4-a716-446655440038,BOO009,"Travel Guide","Complete travel guide to European destinations",books,29.99,"travel,guide,europe,destinations,tourism"
550e8400-e29b-41d4-a716-446655440039,BOO010,"Health & Fitness","Complete guide to health and fitness lifestyle",books,27.99,"health,fitness,lifestyle,wellness,exercise"
550e8400-e29b-41d4-a716-446655440040,BEA001,"Moisturizing Cream","Anti-aging moisturizing cream with SPF protection",beauty,39.99,"moisturizer,anti-aging,spf,skincare,protection"
550e8400-e29b-41d4-a716-446655440041,BEA002,"Shampoo & Conditioner","Organic shampoo and conditioner set for all hair types",beauty,24.99,"shampoo,conditioner,organic,hair,natural"
550e8400-e29b-41d4-a716-446655440042,BEA003,"Makeup Palette","Professional makeup palette with 20 eyeshadow colors",beauty,49.99,"makeup,palette,eyeshadow,professional,cosmetics"
550e8400-e29b-41d4-a716-446655440043,BEA004,"Perfume","Luxury floral perfume with long-lasting fragrance",beauty,79.99,"perfume,luxury,floral,fragrance,long-lasting"
550e8400-e29b-41d4-a716-446655440044,BEA005,"Face Mask Set","Hydrating face mask set for glowing skin",beauty,19.99,"face-mask,hydrating,glowing,skincare,treatment"
550e8400-e29b-41d4-a716-446655440045,BEA006,"Nail Polish Set","Vibrant nail polish set with 6 different colors",beauty,16.99,"nail-polish,vibrant,colors,manicure,beauty"
550e8400-e29b-41d4-a716-446655440046,BEA007,"Hair Dryer","Professional ionic hair dryer with multiple settings",beauty,69.99,"hair-dryer,professional,ionic,settings,styling"
550e8400-e29b-41d4-a716-446655440047,BEA008,"Skincare Serum","Vitamin C serum for bright and radiant skin",beauty,34.99,"serum,vitamin-c,bright,radiant,skincare"
550e8400-e29b-41d4-a716-446655440048,BEA009,"Lipstick Set","Matte lipstick set with 5 trendy colors",beauty,29.99,"lipstick,matte,trendy,colors,cosmetics"
550e8400-e29b-41d4-a716-446655440049,BEA010,"Body Lotion","Luxurious body lotion with shea butter and vitamins",beauty,22.99,"body-lotion,luxurious,shea-butter,vitamins,moisturizing"
